gene_id	wart_change	wart_before	wart_after	p_inter_treatment	p_same_treatment	tes	tes_curve_r2	tes_curve_coeff	average_expression	cannonical_mods	wam_before	wam_after	wam_change
PF3D7_0400100.1	0.0	0.0	0.0	0.0	0.0	0	[]	[]	7	[]	0.0	0.0	0.0
PF3D7_0400300.1	0.0	0.0	0.0	0.0	0.0	0	[]	[]	0	[]	0.0	0.0	0.0
PF3D7_0400400.1	0.0	0.0	0.0	0.0	0.0	0	[]	[]	0	[]	0.0	0.0	0.0
PF3D7_0400500.1	0.0	0.0	0.0	0.0	0.0	0	[]	[]	0	[]	0.0	0.0	0.0
PF3D7_0400700.1	0.0	0.0	0.0	0.0	0.0	0	[]	[]	0	[]	0.0	0.0	0.0
PF3D7_0400800.1	0.0	0.0	0.0	0.0	0.0	0	[]	[]	0	[]	0.0	0.0	0.0
PF3D7_0400900.1	0.0	0.0	0.0	0.0	0.0	0	[]	[]	0	[]	0.0	0.0	0.0
PF3D7_0401000.1	0.0	0.0	0.0	0.0	0.0	0	[]	[]	0	[]	0.0	0.0	0.0
PF3D7_0401100.1	0.0	0.0	0.0	0.0	0.0	0	[]	[]	0	[]	0.0	0.0	0.0
PF3D7_0401200.1	0.0	0.0	0.0	0.0	0.0	0	[]	[]	0	[]	0.0	0.0	0.0
PF3D7_0401300.1	0.0	0.0	0.0	0.0	0.0	0	[]	[]	0	[]	0.0	0.0	0.0
PF3D7_0401400.1	0.0	0.0	0.0	0.0	0.0	0	[]	[]	0	[]	0.0	0.0	0.0
PF3D7_0401600.1	2.095709591535082	0.08144510364424198	0.1706852848908068	9.856758609660933e-40	0.0020697744252367646	92010	[np.float64(0.8182995177911505), np.float64(0.5698323793807928), np.float64(0.9269753802154896), np.float64(0.9404772603504081)]	[np.float64(5.156828429514305), np.float64(4.1012255852641015), np.float64(10.045100294670718), np.float64(9.660656509537237)]	1342	[92014, 92274]	0.8497061293031066	0.5159456899273761	0.6072048584026729
PF3D7_0401600.2	2.0513546174563797	0.0806049580630085	0.16534935291243036	1.8979169010418012e-38	0.0009352860285259609	92015	[np.float64(0.821375013174972), np.float64(0.5506222294227667), np.float64(0.9289569579187811), np.float64(0.9426613385163373)]	[np.float64(5.117771566322591), np.float64(4.648018471815915), np.float64(9.929601500531751), np.float64(9.508073195006773)]	1389	[92274]	0.8638042474607572	0.5471273000375516	0.6333926947521842
PF3D7_0401800.1	1.6973672047986075	0.05001172882946281	0.08488826837041122	0.39679008389852494	0.9346424921771906	103153	[np.float64(0.9980068670406316), np.float64(0.9506028028295616), np.float64(0.984258310092822), np.float64(0.976266820703496)]	[np.float64(293.02777087432605), np.float64(107.10208103042893), np.float64(186.42313414905394), np.float64(60.806944568630655)]	120	[103217, 103234]	0.8055555555555556	0.31446540880503143	0.3903708523096942
PF3D7_0401900.1	0.0	0.0	0.0	0.0	0.0	0	[]	[]	1	[]	0.0	0.0	0.0
PF3D7_0402000.1	2.8220918808086806	0.07969765252838874	0.22491409811987728	3.781741299310912e-95	0.0007032118852572022	113856	[np.float64(0.8831076069227644), np.float64(0.8652514332325908), np.float64(0.9316390945456801), np.float64(0.9190697549904314)]	[np.float64(2.6359155633957774), np.float64(2.045490788280228), np.float64(3.863776227533231), np.float64(8.631225929626844)]	1622	[113764, 114039, 114403, 114464, 115457]	0.6320276497695853	0.31236848258124855	0.49423230565170206
PF3D7_0402100.1	1.489315424308925	0.12150688432029885	0.18096207697794137	0.17779270932720284	0.3325402705606485	123184	[np.float64(0.9433140501773911), np.float64(0.9906078986750964), np.float64(0.9673009178781419), np.float64(0.9841205422630228)]	[np.float64(7.31348092149378), np.float64(1.9536350825011732), np.float64(9.164735954327618), np.float64(7.2015550111025295)]	144	[123214, 123289, 123300]	0.7795698924731183	0.47240618101545256	0.6059831011646495
PF3D7_0402300.1	0.0	0.0	0.0	0.0	0.0	0	[]	[]	0	[]	0.0	0.0	0.0
PF3D7_0402400.1	1.6507819980964946	0.18156976145690035	0.29973209361172587	2.5085517683209584e-09	0.0750978061548661	146983	[np.float64(0.859692788429641), np.float64(0.7349368686369185), np.float64(0.7767869337625806), np.float64(0.870568290792121)]	[np.float64(36.14326679344182), np.float64(62.55030770730678), np.float64(4.403642254136368), np.float64(7.558386324696916)]	406	[146662, 147084, 147094]	0.7472035794183446	0.40019474196689386	0.5355899690395256
PF3D7_0402600.1	0.0	0.0	0.0	0.0	0.0	0	[]	[]	0	[]	0.0	0.0	0.0
PF3D7_0402900.1	0.0	0.0	0.0	0.0	0.0	0	[]	[]	2	[]	0.0	0.0	0.0
PF3D7_0403100.1	0.0	0.0	0.0	0.0	0.0	0	[]	[]	43	[175070, 175101]	0.0	0.0	0.0
PF3D7_0403200.1	0.0	0.0	0.0	0.0	0.0	0	[]	[]	28	[180791]	0.0	0.0	0.0
PF3D7_0403300.1	0.6095987989241619	0.0923332969551457	0.05628626692456479	0.6005438752463466	0.7761714130319138	180186	[np.float64(0.956228696523765), np.float64(0.9785116472567056), np.float64(0.9730933493620074), np.float64(0.9854383545613278)]	[np.float64(1.7694935779009406), np.float64(9.499019436366169), np.float64(9.987456765099298), np.float64(21.601449161655708)]	62	[180272]	0.945736434108527	0.6825396825396826	0.7217017954722874
PF3D7_0403400.1	0.0	0.0	0.0	0.0	0.0	0	[]	[]	19	[195026, 195036]	0.0	0.0	0.0
PF3D7_0403500.1	1.9027391639810818	0.16815856777493604	0.3199618926643379	0.0014471591613482047	0.09248687174503888	197261	[np.float64(0.909525795285557), np.float64(0.9262409308874712), np.float64(0.8125204990127484), np.float64(0.9448880610886885)]	[np.float64(0.11541012276101408), np.float64(0.2739228813734322), np.float64(0.07269531191854323), np.float64(0.0665485127754798)]	74	[195026, 195036, 197195, 197205]	0.8208955223880597	0.4114285714285714	0.5011948051948052
PF3D7_0403600.1	0.7844475664370298	0.11590656015492617	0.09092261904761904	0.8623706488121302	0.8727095078327392	197176	[np.float64(0.9735050049773856), np.float64(0.9515479153441516), np.float64(0.9450577614815173), np.float64(0.9408194062513541)]	[np.float64(7.129193215406929), np.float64(73.93474662481275), np.float64(77.3355435593993), np.float64(53.527304015998766)]	60	[197199, 197273]	0.8516949152542374	0.6475409836065574	0.7602968762743659
PF3D7_0403700.1	2.567705214205449	0.22624586124828666	0.5809326776196282	5.285651196773825e-52	0.17984890374627213	205692	[np.float64(0.8223861806402404), np.float64(0.8301121021527539), np.float64(0.9155234159161884), np.float64(0.9273022145876786)]	[np.float64(2.8952064332305674), np.float64(18.774779016400608), np.float64(2.122950862979617), np.float64(5.160326275278499)]	335	[205656, 205933, 205945]	0.8394255874673628	0.450920245398773	0.5371771508172009
PF3D7_0403800.1	0.0	0.0	0.0	0.0	0.0	0	[]	[]	19	[210324]	0.0	0.0	0.0
PF3D7_0403900.1	0.0	0.0	0.0	0.0	0.0	0	[]	[]	3	[]	0.0	0.0	0.0
PF3D7_0404000.1	0.0	0.0	0.0	0.0	0.0	0	[]	[]	7	[]	0.0	0.0	0.0
PF3D7_0404100.1	0.0	0.0	0.0	0.0	0.0	0	[]	[]	0	[]	0.0	0.0	0.0
PF3D7_0404200.1	0.0	0.0	0.0	0.0	0.0	0	[]	[]	12	[233546, 233562, 233574]	0.0	0.0	0.0
PF3D7_0404300.1	0.0	0.0	0.0	0.0	0.0	0	[]	[]	1	[233546, 233562, 233574]	0.0	0.0	0.0
PF3D7_0404400.1	0.0	0.0	0.0	0.0	0.0	0	[]	[]	1	[]	0.0	0.0	0.0
PF3D7_0404500.1	3.922630017295878	0.014033264033264034	0.05504730273752012	0.2534754774819738	0.36734711156519173	240476	[inf, np.float64(0.904842063564371), np.float64(0.9490066372224698), np.float64(0.950881571819991)]	[np.float64(0.24206903435722413), np.float64(14.67665013351548), np.float64(4.585083956412454), np.float64(10.181962150425658)]	42	[240569]	0.9801980198019802	0.8155339805825244	0.8320094145336865
PF3D7_0404600.1	1.024588167243	0.1479719828121507	0.15161034267281417	0.5436766268793083	0.3236892424812039	260449	[np.float64(0.7430574493994431), np.float64(0.7139261186218144), np.float64(0.7343478495626741), np.float64(0.8617939862286292)]	[np.float64(0.11074682574914117), np.float64(0.21752736802395867), np.float64(0.21166833470544838), np.float64(0.15523766119640978)]	67	[260375, 260403]	0.7597173144876325	0.4308510638297872	0.5671202375061851
PF3D7_0404700.1	0.0	0.0	0.0	0.0	0.0	0	[]	[]	7	[]	0.0	0.0	0.0
PF3D7_0404800.1	0.0	0.0	0.0	0.0	0.0	0	[]	[]	4	[]	0.0	0.0	0.0
PF3D7_0404900.1	0.0	0.0	0.0	0.0	0.0	0	[]	[]	49	[267020, 268600]	0.0	0.0	0.0
PF3D7_0405000.1	0.0	0.0	0.0	0.0	0.0	0	[]	[]	0	[268600, 271768, 271859, 271738]	0.0	0.0	0.0
PF3D7_0405100.1	0.6741045170692306	0.2572720731832665	0.1734282666486056	0.08490612056008917	0.8415592394366986	271692	[np.float64(0.9234430190746838), np.float64(0.9233919465953203), np.float64(0.9436615663780077), np.float64(0.9315592684820351)]	[np.float64(2.246968888038568), np.float64(3.557747715037147), np.float64(3.898892280822891), np.float64(4.927415643343759)]	110	[271768, 271859, 271738]	0.6412037037037037	0.38831615120274915	0.6056049722728796
PF3D7_0405200.1	0.0	0.0	0.0	0.0	0.0	0	[]	[]	6	[]	0.0	0.0	0.0
PF3D7_0405300.1	0.0	0.0	0.0	0.0	0.0	0	[]	[]	0	[]	0.0	0.0	0.0
PF3D7_0405400.1	0.9017980393789947	0.29576963736822953	0.26672447908650565	0.004952524913424264	0.000853080424865942	301182	[np.float64(0.814157187552371), np.float64(0.838000504305022), np.float64(0.8223313119581637), np.float64(0.8898545994796145)]	[np.float64(0.03896237828047033), np.float64(0.18103363291332386), np.float64(0.041053144598849324), np.float64(0.04420738598524207)]	270	[301104]	0.8941441441441441	0.5191740412979351	0.5806379706203607
PF3D7_0405500.1	3.2128746230073246	0.043550051599587206	0.13992085561497328	0.00040903195182251265	0.8404802823100533	301046	[np.float64(0.8903318465699477), np.float64(0.9723361999131196), np.float64(0.943575151989019), np.float64(0.9372046753606398)]	[np.float64(26.416971438889835), np.float64(15.814809304840779), np.float64(166.1040979365691), np.float64(174.8020446256872)]	97	[301107, 301128]	0.76	0.42342342342342343	0.5571360834518729
PF3D7_0405600.1	1.0809058145152999	0.1890123364753079	0.2043045335112826	4.297773142219629e-06	4.1864466662850396e-05	305708	[np.float64(0.8612474966543232), np.float64(0.783969572315498), np.float64(0.8900051246008049), np.float64(0.8632719309841144)]	[np.float64(0.2149214699544318), np.float64(0.18899323578399765), np.float64(0.13258839574527986), np.float64(0.16094155678578786)]	942	[305797]	0.6724137931034483	0.4285714285714286	0.6373626373626374
PF3D7_0405700.1	2.802806397301344	0.03382478311017502	0.09480431848852901	0.04610220447867524	0.19200195313011556	305408	[np.float64(0.8881801995197466), np.float64(0.9082053719429232), np.float64(0.8859790692835552), np.float64(0.9272095158138761)]	[np.float64(21.146176902929433), np.float64(19.3711107498521), np.float64(19.02694724202216), np.float64(16.18449473031676)]	62	[305542, 305593]	0.8681318681318682	0.51	0.5874683544303797
PF3D7_0405800.1	1.508801970680125	0.08163265306122448	0.12316750781062244	0.19413067550330057	0.17956434077080935	316159	[np.float64(0.9982097594198047), np.float64(0.9410573765857153), np.float64(0.9555889003272812), np.float64(0.9519427540695887)]	[np.float64(0.6157182772063613), np.float64(0.16014831061365584), np.float64(0.16633671740520828), np.float64(0.19330075029532118)]	32	[316064]	0.9302325581395349	0.7450980392156863	0.8009803921568628
PF3D7_0405900.1	0.0	0.0	0.0	0.0	0.0	0	[]	[]	6	[]	0.0	0.0	0.0
PF3D7_0406000.1	2.012719090731875	0.2817886551187866	0.5671614057092421	2.824039529036857e-21	0.0006815262209713174	322828	[np.float64(0.9658648862675312), np.float64(0.9769743510643438), np.float64(0.7730864658488699), np.float64(0.7868650197527671)]	[np.float64(0.11578500073556565), np.float64(0.060100346839816514), np.float64(0.12440070888005962), np.float64(0.1570454038541044)]	166	[322771, 322772, 322787, 322749]	0.6535626535626535	0.2901098901098901	0.4438899446418243
PF3D7_0406100.1	1.9788731641921378	0.11109178443304374	0.21983655097676813	3.7447953376198415e-18	0.233820187450109	322712	[np.float64(0.9100312320435179), np.float64(0.9286701542879011), np.float64(0.9824847391985462), np.float64(0.9999773534672192)]	[np.float64(5.550646308531448), np.float64(3.6822956058991294), np.float64(116.89118997858661), np.float64(310.6458573285879)]	712	[322762, 322780, 323125]	0.7036258539148713	0.41742215214820655	0.5932444776236273
PF3D7_0406200.1	2.341683225855194	0.02276471005551676	0.053307739678460656	1.2897309692162469e-70	0.6603980189583056	330243	[np.float64(0.6779130452085872), np.float64(0.6601896811749195), np.float64(0.9981580904310146), np.float64(0.952806748080769)]	[np.float64(0.039061069712106364), np.float64(0.03967189981980948), np.float64(0.010923526086738645), np.float64(0.021804735234276767)]	7171	[330166, 330184, 330194, 330195]	0.877759678369667	0.6161693306420817	0.7019795347475315
PF3D7_0406400.1	1.989379753375207	0.09712318587828514	0.19321489956955726	3.1754743102827454e-08	0.5722253150730597	334346	[np.float64(0.8612472273262521), np.float64(0.8608993671228811), np.float64(0.9063495078148659), np.float64(0.933222214131327)]	[np.float64(0.03757980938772153), np.float64(0.03529362266430078), np.float64(0.042664267072207405), np.float64(0.04430574001589801)]	285	[334265, 334272, 334285]	0.5780051150895141	0.252190847127556	0.4363124833047539
PF3D7_0406500.1	0.0	0.0	0.0	0.0	0.0	0	[]	[]	24	[333793, 333895]	0.0	0.0	0.0
PF3D7_0406600.1	0.0	0.0	0.0	0.0	0.0	0	[]	[]	19	[347224]	0.0	0.0	0.0
PF3D7_0406700.1	0.0	0.0	0.0	0.0	0.0	0	[]	[]	18	[347224]	0.0	0.0	0.0
PF3D7_0406800.1	1.5785441529294597	0.03148556963118493	0.04970136184296033	0.2402266401208237	0.170656313818216	350883	[np.float64(0.9891887817529044), np.float64(0.9760518671253633), np.float64(0.9100972377622966), np.float64(0.8559220154556993)]	[np.float64(10.838347537990257), np.float64(16.194165699028677), np.float64(2.3769746348807548), np.float64(2.129933318262037)]	108	[]	0.0	0.0	0.0
PF3D7_0406900.1	0.0	0.0	0.0	0.0	0.0	0	[]	[]	0	[]	0.0	0.0	0.0
PF3D7_0407000.1	0.0	0.0	0.0	0.0	0.0	0	[]	[]	18	[]	0.0	0.0	0.0
PF3D7_0407100.1	1.0580187734674587	0.2594507101086048	0.27450372208436724	0.33055243727680256	0.10486892840987441	364636	[np.float64(0.8054705875549104), np.float64(0.8961484975251871), np.float64(0.8518017009109421), np.float64(0.8627067130437279)]	[np.float64(0.11933942872060824), np.float64(0.2505362885890949), np.float64(0.18333109087628766), np.float64(0.12080879743221484)]	61	[364409, 364456]	0.7142857142857143	0.3277777777777778	0.4588888888888889
PF3D7_0407200.1	4.593250858881615	0.018127037830856573	0.08326203208556149	7.63994941779284e-06	0.6752066428043153	363284	[np.float64(0.9959224286752693), np.float64(0.9881942827903261), np.float64(0.9294953745984229), np.float64(0.9846817536814573)]	[np.float64(73.74341441135613), np.float64(20.847775709810257), np.float64(39.46122859684359), np.float64(71.408095428375)]	143	[363353]	0.518918918918919	0.2421875	0.46671549479166663
PF3D7_0407300.1	2.733179669702426	0.18646699805993389	0.509647808167853	1.9896471489583016e-10	0.6499970600574747	367752	[np.float64(0.7873419763934607), np.float64(0.8253519709035124), np.float64(0.8921114688774758), np.float64(0.834720058294857)]	[np.float64(0.16267806606497393), np.float64(0.37445506737391565), np.float64(0.3196198116948317), np.float64(0.3423010686278283)]	76	[367573, 367581, 367841]	0.6491935483870968	0.17058823529411762	0.26276945560833026
PF3D7_0407400.1	4.393317447226707	0.24287815054204712	1.0670408163265304	2.046165256912847e-24		367481	[np.float64(0.9429586728752698), np.float64(0.9834142619279408), np.float64(0.9812516109137751), np.float64(0.9868049492906397)]	[np.float64(4.59067721579035), np.float64(4.539267325727044), np.float64(12.855195031359537), np.float64(14.203336604962585)]	31	[367563, 367574]	0.6986301369863013	0.25	0.357843137254902
PF3D7_0407500.1	2.0099399323398894	0.08332513778761243	0.1674785218070457	0.007061598218539028	0.5151524993789136	371693	[np.float64(0.7909326292331703), np.float64(0.8994253211156581), np.float64(0.8802573066604393), np.float64(0.8373155193892864)]	[np.float64(0.25540035268197364), np.float64(0.16759664382222503), np.float64(0.14390227697630614), np.float64(0.19389395203614143)]	108	[371621, 371630]	0.5703422053231939	0.20954907161803715	0.36740937223695846
PF3D7_0407600.1	0.0	0.0	0.0	0.0	0.0	0	[]	[]	0	[]	0.0	0.0	0.0
PF3D7_0407700.1	0.0	0.0	0.0	0.0	0.0	0	[]	[]	23	[377079]	0.0	0.0	0.0
PF3D7_0407800.1	0.0	0.0	0.0	0.0	0.0	0	[]	[]	3	[]	0.0	0.0	0.0
PF3D7_0407900.1	4.043735962066384	0.2537360688956433	1.0260416666666665	2.0221000235915768e-24	3.810661475868908e-18	390961	[np.float64(0.705502213850353), np.float64(0.8017139897351374), np.float64(0.9475216605892807), np.float64(0.9032775684430872)]	[np.float64(2.973028459031924), np.float64(9.746531776214715), np.float64(5.14888476999434), np.float64(1.205053202598681)]	35	[391100, 391108]	0.5855855855855856	0.17857142857142858	0.30494505494505497
PF3D7_0408000.1	0.0	0.0	0.0	0.0	0.0	0	[]	[]	0	[]	0.0	0.0	0.0
PF3D7_0408100.1	0.0	0.0	0.0	0.0	0.0	0	[]	[]	1	[]	0.0	0.0	0.0
PF3D7_0408200.1	0.0	0.0	0.0	0.0	0.0	0	[]	[]	2	[]	0.0	0.0	0.0
PF3D7_0408300.1	1.262361043799498	0.1035772833390004	0.1307519275097369	0.01984851111430014	0.00771472092202577	403035	[np.float64(0.957111872141633), np.float64(0.9054067096956087), np.float64(0.9442796446553269), np.float64(0.964174551265529)]	[np.float64(6.0834516813578885), np.float64(6.6234772688162415), np.float64(1.1007799178392403), np.float64(3.6271357355929776)]	271	[403089, 403112, 403126, 403146, 403352]	0.6384522370012092	0.3425101214574899	0.5364694516010305
PF3D7_0408400.1	0.0	0.0	0.0	0.0	0.0	0	[]	[]	38	[408410, 408436]	0.0	0.0	0.0
PF3D7_0408500.1	0.0	0.0	0.0	0.0	0.0	0	[]	[]	27	[408410, 408436]	0.0	0.0	0.0
PF3D7_0408600.1	0.0	0.0	0.0	0.0	0.0	0	[]	[]	6	[]	0.0	0.0	0.0
PF3D7_0408700.1	0.0	0.0	0.0	0.0	0.0	0	[]	[]	1	[]	0.0	0.0	0.0
PF3D7_0408800.1	0.0	0.0	0.0	0.0	0.0	0	[]	[]	0	[]	0.0	0.0	0.0
PF3D7_0408900.1	0.5542010523624639	0.44874890254609306	0.24869711403754552	2.3153385438465175e-05	0.7188828163933738	428010	[np.float64(0.8999938464961883), np.float64(0.9167680303052014), np.float64(0.9641139114436043), np.float64(0.970369464003626)]	[np.float64(0.2512386401193821), np.float64(0.23152762391304121), np.float64(0.3503160978795934), np.float64(0.43687420057464565)]	108	[428033]	0.5492957746478873	0.25	0.4551282051282052
PF3D7_0408900.2	0.5230174899522447	0.43478442513368987	0.22739985870375212	8.050905027481096e-06	0.9518635016336623	427983	[np.float64(0.8942995077586148), np.float64(0.88037883944816), np.float64(0.9641139114436043), np.float64(0.9723071335753161)]	[np.float64(0.24598053162315417), np.float64(0.33389540487198793), np.float64(0.3503160978795934), np.float64(0.38186474001073273)]	106	[]	0.0	0.0	0.0
PF3D7_0409000.1	0.0	0.0	0.0	0.0	0.0	0	[]	[]	5	[]	0.0	0.0	0.0
PF3D7_0409100.1	1.2441522816927348	0.23456600728382326	0.2918358331697234	0.032626886157746955	0.04825703905320814	435969	[np.float64(0.9500143248493458), inf, np.float64(0.9678115422866017), np.float64(0.9554549150339238)]	[np.float64(3.81886411957552), np.float64(0.38314338984853535), np.float64(4.473079508012201), np.float64(24.643002060219096)]	181	[436031]	0.9563492063492063	0.6844106463878328	0.7156493065964061
PF3D7_0409200.1	1.3854019428393114	0.6053171564579496	0.8386075645908108	8.323157655813493e-19	0.014742261590531758	440689	[np.float64(0.8132945556492182), np.float64(0.8964458420197735), np.float64(0.6658835934686539), np.float64(0.5666539640281867)]	[np.float64(0.2954676783294747), np.float64(0.2959473830296423), np.float64(0.22102265336575), np.float64(0.13189699862521118)]	248	[440582, 440625, 440665]	0.670704845814978	0.3072702331961591	0.45813033126783653
PF3D7_0409300.1	1.9562742933695612	0.0361247947454844	0.07067000731384293	0.0888847608538725	0.12128122269307672	440396	[np.float64(0.8728862603903672), np.float64(0.9591013429352679), np.float64(0.871224559151438), np.float64(0.8751662571620945)]	[np.float64(19.513587823320066), np.float64(5.116651582105902), np.float64(56.66177938347035), np.float64(18.16617773582763)]	107	[440507]	0.9213483146067415	0.6515151515151515	0.7071322985957132
PF3D7_0409400.1	1.5013231868037773	0.32417641734277813	0.48669357197169094	0.00012421328613619606	0.8881318047447065	448355	[np.float64(0.8188469334359169), np.float64(0.9155561860625843), np.float64(0.8323567259136218), np.float64(0.822431075110498)]	[np.float64(0.08735616636008749), np.float64(0.225466851803666), np.float64(0.12945825039201456), np.float64(0.1679390419481387)]	141	[448268]	0.8630952380952381	0.39263803680981596	0.4549185529934419
PF3D7_0409500.1	2.102794222765386	0.1604029247839648	0.33729434355039195	2.2088877494383526e-12	0.5016146144332623	448572	[np.float64(0.923090075271034), np.float64(0.9092485271292563), np.float64(0.7834175021359493), np.float64(0.7782774994758335)]	[np.float64(40.184473268668995), np.float64(46.31488256041786), np.float64(21.715142481449433), np.float64(1.9951715153722458)]	226	[448291, 448643, 448882, 448256]	0.6524271844660193	0.3490196078431373	0.5349556489262373
PF3D7_0409600.1	0.9689632605230247	0.07632379793061472	0.07395495609834893	0.2555633977685689	0.14682815446709485	451474	[np.float64(0.9734364298453404), np.float64(0.9681591026633015), np.float64(0.9869877882760654), np.float64(0.9574430395590816)]	[np.float64(19.75663256815005), np.float64(14.05804363039046), np.float64(6.569142683636789), np.float64(23.910625342729517)]	97	[451544, 451578, 451635]	0.8252788104089219	0.5614035087719298	0.6802592065749961
PF3D7_0409700.1	1.3684203728648618	0.3592307915856932	0.4915787337662338	0.018591797789870326	0.626579450183228	458319	[np.float64(0.914309890402962), np.float64(0.9102262373050974), np.float64(0.9325728120807002), np.float64(0.9472547864012861)]	[np.float64(0.2418305134641228), np.float64(0.22302307231236138), np.float64(0.2562271416154805), np.float64(0.28991179153903796)]	94	[458272]	0.9866666666666666	0.8978102189781023	0.9099427895048335
PF3D7_0409800.1	1.6510110161605416	0.4509137420136254	0.744463555402668	2.2707474880587195e-16	0.004910126973240932	461934	[np.float64(0.790589031418464), np.float64(0.9242639834085247), np.float64(0.8156249889810216), np.float64(0.6623717677921352)]	[np.float64(0.19447764805909235), np.float64(0.44377941128891507), np.float64(0.22750704832157398), np.float64(0.17008377825528073)]	207	[458272, 461916]	0.8170212765957446	0.5882352941176471	0.7199754901960785
PF3D7_0409900.1	0.0	0.0	0.0	0.0	0.0	0	[]	[]	1	[464231, 464241]	0.0	0.0	0.0
PF3D7_0410000.1	0.0	0.0	0.0	0.0	0.0	0	[]	[]	21	[464231, 464241]	0.0	0.0	0.0
PF3D7_0410300.1	2.3158613262628003	0.17935708919535207	0.4153661464585834	1.8706799312269303e-07	0.024287153944475448	470074	[np.float64(0.8455985295184911), np.float64(0.8597553947825862), np.float64(0.8972454247660562), np.float64(0.8595960998548908)]	[np.float64(8.028924037831782), np.float64(11.40372310343551), np.float64(1.4290467541338754), np.float64(3.1835079762232468)]	74	[470150, 470160]	0.8227272727272728	0.49295774647887325	0.5991751614660338
PF3D7_0410400.1	1.2460904874647636	0.08715577697652258	0.10860398461804524	0.4893570671831464	0.8519877139788451	475798	[np.float64(0.90480655164431), np.float64(0.9161755663460721), np.float64(0.8906714353103834), np.float64(0.9112305472220608)]	[np.float64(0.0730338127238411), np.float64(0.21501457925156284), np.float64(0.07638311974744635), np.float64(0.05304312102301662)]	289	[475744]	0.8598130841121494	0.6544502617801047	0.7611541088094697
PF3D7_0410500.1	0.0	0.0	0.0	0.0	0.0	0	[]	[]	4	[]	0.0	0.0	0.0
PF3D7_0410600.1	1.031708557269068	0.16673312316958167	0.17201998995425494	0.8996932406560588	0.7783286147586247	481000	[np.float64(0.8636614888032508), np.float64(0.9222435139212991), np.float64(0.9728372378218448), np.float64(0.865226141925873)]	[np.float64(0.03402947194773892), np.float64(0.03213467626248088), np.float64(0.03253722346853546), np.float64(0.05559624840199539)]	757	[480908]	0.9867799811142588	0.7988826815642458	0.8095854160541017
PF3D7_0410700.1	0.0	0.0	0.0	0.0	0.0	0	[]	[]	31	[480841]	0.0	0.0	0.0
PF3D7_0410800.1	0.0	0.0	0.0	0.0	0.0	0	[]	[]	24	[489951, 489965, 490455]	0.0	0.0	0.0
PF3D7_0410900.1	0.0	0.0	0.0	0.0	0.0	0	[]	[]	36	[490259]	0.0	0.0	0.0
PF3D7_0411000.1	0.0	0.0	0.0	0.0	0.0	0	[]	[]	10	[504381, 504407, 504418]	0.0	0.0	0.0
PF3D7_0411100.1	1.7703426013979164	0.34193330989217063	0.6053391053391053	0.00041245679849617875	0.120233708796151	503987	[np.float64(0.9175038841663831), np.float64(0.8878777025493305), inf, inf]	[np.float64(3.3470926742561384), np.float64(1.3217775593827223), np.float64(0.5299032591115589), np.float64(0.731890684058267)]	38	[504198, 504209, 504372]	0.6746031746031746	0.17218543046357615	0.25523957927541874
PF3D7_0411200.1	0.0	0.0	0.0	0.0	0.0	0	[]	[]	25	[]	0.0	0.0	0.0
PF3D7_0411300.1	0.0	0.0	0.0	0.0	0.0	0	[]	[]	41	[512828]	0.0	0.0	0.0
PF3D7_0411400.1	1.7902566553858785	0.15910767910767912	0.28484358144552324	0.0015855114135725993	0.008225954990797155	512891	[np.float64(0.9423482414950132), np.float64(0.9139173621657651), np.float64(0.9887797073205542), np.float64(0.9652679672086355)]	[np.float64(2.7660975775949335), np.float64(1.3930566475025836), np.float64(1.008587452729747), np.float64(7.372300846736949)]	53	[512968]	0.9056603773584906	0.48275862068965514	0.5330459770114943
PF3D7_0411700.1	0.0	0.0	0.0	0.0	0.0	0	[]	[]	0	[519589]	0.0	0.0	0.0
PF3D7_0411800.1	0.0	0.0	0.0	0.0	0.0	0	[]	[]	15	[519589]	0.0	0.0	0.0
PF3D7_0411900.1	2.847367683406765	0.1637180249851279	0.46616541353383456	3.2201845543391304e-07	0.5833740043244292	527574	[np.float64(0.954194822724344), np.float64(0.9593687601686894), np.float64(0.9811479565319962), np.float64(0.9628297870790913)]	[np.float64(8.134480833276868), np.float64(11.016276681321786), np.float64(3.521039354144801), np.float64(3.714934438932634)]	56	[527965]	0.6545454545454545	0.26666666666666666	0.4074074074074074
PF3D7_0412000.1	3.3827354227205504	0.44117955824305033	1.4923937194489705			539996	[np.float64(0.8795164603308544), np.float64(0.8845400554192637), np.float64(0.7785166919816016), np.float64(0.8284833789550337)]	[np.float64(0.3587859034452347), np.float64(0.2822622242293422), np.float64(0.07874138118854454), np.float64(0.0512241962286085)]	84	[539941, 539990, 540004]	0.7612903225806452	0.34821428571428575	0.4574001210653753
PF3D7_0412100.1	3.125998825147427	0.13443504492097844	0.42024379248162014	1.9533550741395908e-13	0.6583779832764038	539912	[np.float64(0.970115733406451), np.float64(0.9687653972383923), np.float64(0.8349316104151847), np.float64(0.8214930707119423)]	[np.float64(12.624221549196593), np.float64(18.25592931242892), np.float64(3.788520708433859), np.float64(3.7528015581030965)]	107	[539973, 540070]	0.664	0.2235294117647059	0.33664068036853295
PF3D7_0412200.1	0.0	0.0	0.0	0.0	0.0	0	[]	[]	0	[]	0.0	0.0	0.0
PF3D7_0412300.1	0.0	0.0	0.0	0.0	0.0	0	[]	[]	22	[]	0.0	0.0	0.0
PF3D7_0412400.1	0.0	0.0	0.0	0.0	0.0	0	[]	[]	0	[]	0.0	0.0	0.0
PF3D7_0412700.1	0.0	0.0	0.0	0.0	0.0	0	[]	[]	0	[]	0.0	0.0	0.0
PF3D7_0412900.1	0.0	0.0	0.0	0.0	0.0	0	[]	[]	0	[]	0.0	0.0	0.0
PF3D7_0413100.1	0.0	0.0	0.0	0.0	0.0	0	[]	[]	0	[]	0.0	0.0	0.0
PF3D7_0413200.1	0.0	0.0	0.0	0.0	0.0	0	[]	[]	0	[]	0.0	0.0	0.0
PF3D7_0413300.1	0.0	0.0	0.0	0.0	0.0	0	[]	[]	0	[]	0.0	0.0	0.0
PF3D7_0413500.1	1.0423031573676862	0.41592816381336023	0.4335232383808096	0.06095033479300164	0.012144385683188923	616560	[np.float64(0.8855541010622805), np.float64(0.8868683594896554), np.float64(0.9541940266028338), np.float64(0.9361140486257928)]	[np.float64(0.18399254871229884), np.float64(0.19029381025539968), np.float64(0.17942050214368666), np.float64(0.28898500224595697)]	165	[616416, 616488, 616497]	0.5306122448979591	0.23105360443622922	0.43544717759135515
PF3D7_0413600.1	2.5564875224653303	0.0897133449348874	0.22935104692466787	2.0164311563698612e-41	0.0025779153805671187	616436	[np.float64(0.9832462731007896), np.float64(0.9701429358981712), np.float64(0.9835607482430352), np.float64(0.9775405109492394)]	[np.float64(12.479235647282605), np.float64(14.877953518243647), np.float64(39.65832615992731), np.float64(12.230623442891085)]	792	[616570, 616612, 618957]	0.6934306569343066	0.4226876090750436	0.609560025718747
PF3D7_0413700.1	1.6997010033631603	0.027120443667222428	0.04609664531283203	0.09294871649829153	0.6713702827926644	618878	[np.float64(0.9787322871143083), np.float64(0.9791300710358113), np.float64(0.9627225151257162), np.float64(0.9674904933711863)]	[np.float64(24.97943524431077), np.float64(26.350852227090733), np.float64(27.231186175572855), np.float64(25.34943916749435)]	337	[618957]	0.979746835443038	0.8561253561253561	0.8738230379057252
PF3D7_0413800.1	0.0	0.0	0.0	0.0	0.0	0	[]	[]	10	[]	0.0	0.0	0.0
PF3D7_0413900.1	2.804754119412715	0.03696826325799379	0.10368688866039179	8.871963705467803e-05	0.036657084694232525	622871	[np.float64(0.9740869324801543), np.float64(0.9949157042824217), np.float64(0.9474254324871753), np.float64(0.9877245934386825)]	[np.float64(6.426827181477753), np.float64(7.516947792553862), np.float64(9.937091072988343), np.float64(15.571522054012929)]	145	[622939, 622940, 623061, 626619, 626489, 626550]	0.7458893871449925	0.35135135135135137	0.47105020852515844
PF3D7_0414000.1	0.1646975304120267	0.10593757529493095	0.01744765702891326	0.014112724892758685	0.0560595830526504	626486	[np.float64(0.9587414132482014), np.float64(0.9778993949347009), np.float64(0.9287229247742723), np.float64(0.9920876536136878)]	[np.float64(2.3952939723457796), np.float64(2.0399529099416696), np.float64(8.207462794445938), np.float64(1.4133514792902155)]	57	[626619, 633637, 633696, 633819, 626489, 626550]	0.7584650112866816	0.3419354838709677	0.4508256528417819
PF3D7_0414100.1	4.598418004804654	0.020362734213924823	0.09363636363636366	0.007070286822575723	0.0281879539983206	633572	[np.float64(0.9012841378767635), np.float64(0.958099918670407), np.float64(0.9318931032743276), np.float64(0.9683867155652744)]	[np.float64(8.647018527078682), np.float64(1.4762267720591458), np.float64(7.284814845826068), np.float64(4.217155205036444)]	44	[633637, 633696, 633819]	0.8398058252427185	0.4594594594594595	0.5471020153101078
PF3D7_0414200.2	2.1638595418322963	0.09091223698781839	0.19672131147540983	0.08486317088086225	0.8993625447565682	646985	[np.float64(0.9480872411562764), np.float64(0.9596781999803166), np.float64(0.9096480143760137), np.float64(0.9742870490536891)]	[np.float64(5.02095953489819), np.float64(1.898847661109239), np.float64(12.947094772495953), np.float64(2.427688981268023)]	42	[647035, 647067]	0.879746835443038	0.4666666666666667	0.5304556354916067
PF3D7_0414200.1	2.1638595418322963	0.09091223698781839	0.19672131147540983	0.08486317088086225	0.8993625447565682	646985	[np.float64(0.9480872411562764), np.float64(0.9596781999803166), np.float64(0.9096480143760137), np.float64(0.9742870490536891)]	[np.float64(5.02095953489819), np.float64(1.898847661109239), np.float64(12.947094772495953), np.float64(2.427688981268023)]	42	[647035, 647067]	0.879746835443038	0.4666666666666667	0.5304556354916067
PF3D7_0414300.1	3.9926428470491975	0.07401649445445066	0.295521427147219	1.5168151877297693e-18	0.023809052320363663	649464	[np.float64(0.8538233947365401), np.float64(0.8182277014297484), np.float64(0.9097279210083309), np.float64(0.9599302194360262)]	[np.float64(2.8760168611479267), np.float64(3.411422407634662), np.float64(2.459012848264913), np.float64(2.171060720925818)]	131	[649733, 649744]	0.6330049261083743	0.14869888475836432	0.23490952222527595
PF3D7_0414400.1	0.0	0.0	0.0	0.0	0.0	0	[]	[]	1	[]	0.0	0.0	0.0
PF3D7_0414500.1	0.0	0.0	0.0	0.0	0.0	0	[]	[]	2	[658167, 658185]	0.0	0.0	0.0
PF3D7_0414600.1	2.298412767137455	0.08034306628056628	0.18466152929022428	0.012809307891420053	0.9164478191655491	658111	[np.float64(0.9413488149797598), np.float64(0.9218609646081039), np.float64(0.8632460177064035), np.float64(0.878671649386148)]	[np.float64(30.916185715665073), np.float64(7.191839159086934), np.float64(38.77092292984454), np.float64(15.99454710349348)]	75	[658167, 658185, 658330]	0.625	0.22868217054263565	0.36589147286821705
PF3D7_0414700.1	1.8126023849727508	0.2305130818892287	0.417828561999835	0.0011799582431942335	0.5715715509654045	663040	[np.float64(0.8239921149515824), np.float64(0.8611194951208552), np.float64(0.9410643070045189), np.float64(0.926026470872705)]	[np.float64(0.08162661714834375), np.float64(0.1528116836516561), np.float64(0.6885445600979454), np.float64(0.8850542423160933)]	81	[662987, 663092]	0.8881118881118882	0.5041322314049587	0.5676449534717251
PF3D7_0414800.1	0.0	0.0	0.0	0.0	0.0	0	[]	[]	2	[]	0.0	0.0	0.0
PF3D7_0414900.1	0.0	0.0	0.0	0.0	0.0	0	[]	[]	14	[]	0.0	0.0	0.0
PF3D7_0415000.1	6.297118051026429	0.08726708467691617	0.5495311341794606	7.273393013152069e-98	0.03688437839433642	668220	[np.float64(0.9447124245281193), np.float64(0.9674549120930889), np.float64(0.9583955910458452), np.float64(0.9481575637257759)]	[np.float64(36.19967460805659), np.float64(27.674218068601466), np.float64(1.6935078378336568), np.float64(8.750722414766104)]	269	[668162, 668354, 668365]	0.6415362731152204	0.1473851030110935	0.2297377548044318
PF3D7_0415100.1	1.2071057377322831	0.2731175383072729	0.32968174756602575	0.5017795735879158	0.37678317953534946	672886	[np.float64(0.7804519500557335), np.float64(0.9179830188594957), np.float64(0.8801355742988749), np.float64(0.8419129626604127)]	[np.float64(0.18224158763255302), np.float64(0.28956347031130536), np.float64(0.23795272468173484), np.float64(0.18870286803653766)]	64	[672796, 672816]	0.6981132075471699	0.24752475247524752	0.3545624832753545
PF3D7_0415200.1	0.0	0.0	0.0	0.0	0.0	0	[]	[]	35	[672078, 672103]	0.0	0.0	0.0
PF3D7_0415300.1	1.4603790279569715	0.12757237488472456	0.18630402082831643	0.17270710739578388	0.44806592425962877	686153	[np.float64(0.8298430470316687), np.float64(0.8766354890598358), np.float64(0.946976038597209), np.float64(0.9577498833883747)]	[np.float64(0.05485235097258912), np.float64(0.06232022868694888), np.float64(0.058692806138120154), np.float64(0.10224008887692439)]	115	[686036, 686075]	0.6830065359477124	0.15942028985507248	0.23340961098398172
PF3D7_0415400.1	0.6379235561147487	0.08281355627241063	0.052828718311805044	0.26282066422615336	0.8015919147470141	685989	[np.float64(0.9597688264346609), np.float64(0.9722233749645042), np.float64(0.9707567131478482), np.float64(0.9683386243274523)]	[np.float64(6.335183596176357), np.float64(6.138971947319872), np.float64(63.85076772424937), np.float64(7.828588068243965)]	179	[686066]	0.9525691699604744	0.7197231833910034	0.7555600223980242
PF3D7_0415500.1	1.3101024430916006	0.36451515867135836	0.477552199919269	4.0996733157298205e-11	0.0014021903782973637	689390	[np.float64(0.8735384102592009), np.float64(0.8120003208724577), np.float64(0.870971889950671), np.float64(0.7769106849252422)]	[np.float64(0.2837403752643014), np.float64(0.15660374613356576), np.float64(0.3184124962841274), np.float64(0.1865800851400086)]	420	[689253, 689404]	0.8886956521739131	0.4780564263322884	0.5379304210196982
PF3D7_0415600.1	1.4120828818785114	0.09435901840779512	0.13324275464450683	0.03690085446471072	0.21954911809940983	689228	[np.float64(0.983552095431312), np.float64(0.8900538701673297), np.float64(0.9392715653517715), np.float64(0.9372980418388319)]	[np.float64(6.159739702201934), np.float64(35.003860972250514), np.float64(28.987851957734023), np.float64(25.619081718296442)]	259	[689396, 690784, 690830, 690843]	0.7604240282685513	0.34183266932270917	0.4495290214606259
PF3D7_0415700.1	2.004590847306081	0.016951438848920863	0.0339806991652155	0.09216369307449931	0.538328397866665	690719	[np.float64(0.9524459836918415), inf, np.float64(0.9107397668865491), np.float64(0.9539445235247022)]	[np.float64(2.55754497903858), np.float64(0.6744239871190995), np.float64(3.755898830898394), np.float64(3.604515382116354)]	257	[690784, 690830, 690843]	0.6761133603238867	0.21808510638297873	0.3225570136323098
PF3D7_0415800.1	0.0	0.0	0.0	0.0	0.0	0	[]	[]	8	[]	0.0	0.0	0.0
PF3D7_0415900.1	1.892480445936114	0.010932163422736592	0.02068890550930702	5.103807639898116e-13	0.1420437299725919	697193	[np.float64(0.9623952387593014), np.float64(0.9383289423299869), np.float64(0.9889110748151625), np.float64(0.9928373359209245)]	[np.float64(10.588251263799242), np.float64(5.475832989034102), np.float64(55.391563876497045), np.float64(88.83618175275222)]	4748	[697274, 699096, 699117, 699141, 700653, 700694]	0.9817463304478736	0.8937937062937062	0.9104120673269608
PF3D7_0416000.1	0.0	0.0	0.0	0.0	0.0	0	[]	[]	9	[700653, 700694]	0.0	0.0	0.0
PF3D7_0416100.1	0.7668780574112962	0.17397333018645267	0.13341632949476084	0.5053496629252447	0.7204022995981948	709539	[np.float64(0.7241858145243661), np.float64(0.7640659030533257), inf, np.float64(0.5994054592086175)]	[np.float64(0.23454587837144192), np.float64(0.214146763739974), np.float64(1.366071949789155), np.float64(0.11147906078365154)]	106	[709466]	0.9793103448275862	0.9831932773109243	1.0039649662681973
PF3D7_0416200.1	0.0	0.0	0.0	0.0	0.0	0	[]	[]	24	[708918, 708959]	0.0	0.0	0.0
PF3D7_0416300.1	0.0	0.0	0.0	0.0	0.0	0	[]	[]	26	[710618]	0.0	0.0	0.0
PF3D7_0416400.1	0.7644409851072217	0.2812405437614999	0.21499179832513166	0.06959132468850195	0.21542711402136905	723116	[np.float64(0.8602557803025311), np.float64(0.9372946464767835), np.float64(0.844193098730276), np.float64(0.8325167512025096)]	[np.float64(0.22809829631001802), np.float64(0.27633938809095376), np.float64(0.20481332152479334), np.float64(0.21969681261741367)]	120	[722984]	0.5260416666666667	0.1518987341772152	0.2887579897230229
PF3D7_0416500.1	0.0	0.0	0.0	0.0	0.0	0	[]	[]	23	[722332, 722354, 722369]	0.0	0.0	0.0
PF3D7_0416600.1	1.1521461841739065	0.4238095238095238	0.4882905256737032	0.007656065446658178	0.004423369265140809	727402	[np.float64(0.966330515164165), np.float64(0.8887752615327587), np.float64(0.9751077264628727), np.float64(0.9157245700319908)]	[np.float64(0.24956358143455207), np.float64(0.329035707336697), np.float64(0.19282844769478222), np.float64(0.20718284722666178)]	58	[727389]	0.8571428571428571	0.1724137931034483	0.20114942528735635
PF3D7_0416700.1	0.5715697247846844	0.0879065350855074	0.05024471406559866	0.04394124527261264	0.11200857875097817	727160	[np.float64(0.9467660809808799), np.float64(0.9521569189976933), np.float64(0.9190279772708858), np.float64(0.9529612431143712)]	[np.float64(17.71958014780261), np.float64(10.327867698928827), np.float64(36.06720243644406), np.float64(24.571447539902106)]	130	[]	0.0	0.0	0.0
PF3D7_0416800.1	4.099567875195877	0.009231797256962613	0.03784637946496534	9.80054516291047e-07	0.07243235276334656	731912	[np.float64(0.7610670143202444), np.float64(0.8152519241902003), np.float64(0.8460274412685551), np.float64(0.834444408260728)]	[np.float64(0.06405431607351823), np.float64(0.08277440275730921), np.float64(0.10710480828834197), np.float64(0.09271970432711457)]	507	[731666, 731849]	0.8013333333333333	0.5218940936863544	0.6512821468631711
PF3D7_0416900.1	0.7192077032351066	0.6846376811594204	0.492396694214876	0.09956822926420875	0.36784814767260765	731655	[inf, inf, np.float64(0.9150653049749847), np.float64(0.8815305468959276)]	[np.float64(0.31260853281066303), np.float64(0.683430817624218), np.float64(5.818454160569161), np.float64(5.682194974606816)]	31	[731839]	0.4857142857142857	0.0	0.0
PF3D7_0417000.1	0.0	0.0	0.0	0.0	0.0	0	[]	[]	3	[]	0.0	0.0	0.0
PF3D7_0417100.1	0.0	0.0	0.0	0.0	0.0	0	[]	[]	2	[]	0.0	0.0	0.0
PF3D7_0417200.1	2.185153677507872	0.0978063085555659	0.21372181482366445	6.42109096500682e-08	0.6001492074602616	750473	[np.float64(0.6707821065552935), np.float64(0.6737189909425247), np.float64(0.8365682404984247), np.float64(0.8681587877857588)]	[np.float64(0.09115654481779352), np.float64(0.13614572354951557), np.float64(0.12315807159691688), np.float64(0.17892298626525177)]	236	[750100, 750407, 750417]	0.7068145800316957	0.3502824858757062	0.49557903270755743
PF3D7_0417300.1	1.1774337025320631	0.20741117133393555	0.24421290341022783	0.4611324543021339	0.274339725663545	750389	[np.float64(0.8937828415737262), np.float64(0.8729437226751137), np.float64(0.8566207061500999), np.float64(0.9038809306005091)]	[np.float64(6.803401401586202), np.float64(9.195075701657325), np.float64(2.384294351088156), np.float64(6.186075491670278)]	96	[750515, 750616]	0.7122641509433962	0.3333333333333333	0.4679911699779249
PF3D7_0417400.1	0.0	0.0	0.0	0.0	0.0	0	[]	[]	26	[776948]	0.0	0.0	0.0
PF3D7_0417500.1	2.113574876142113	0.09041560957608746	0.1911001608110927	6.905820414720888e-21	0.027562238982356484	776829	[np.float64(0.9877820509112565), np.float64(0.9893092374846651), np.float64(0.9950171401399535), np.float64(0.9928087170727106)]	[np.float64(4.382818778134121), np.float64(5.392818045848122), np.float64(4.234356722316212), np.float64(20.00496473027928)]	615	[776987]	0.7715355805243446	0.3386861313868613	0.4389766848557863
PF3D7_0417600.1	0.0	0.0	0.0	0.0	0.0	0	[]	[]	0	[]	0.0	0.0	0.0
PF3D7_0417700.1	0.0	0.0	0.0	0.0	0.0	0	[]	[]	1	[]	0.0	0.0	0.0
PF3D7_0417800.1	0.9367873431587115	0.18742083040112598	0.17557346176407027	0.5146628193242411	0.27592136362863307	786560	[inf, inf, inf, np.float64(0.8758322192364285)]	[np.float64(0.7407115436513174), np.float64(0.6613808860691576), np.float64(0.8759363104326038), np.float64(1.5566439767330236)]	81	[786775, 786809, 786816, 786817]	0.6701754385964912	0.32666666666666666	0.487434554973822
PF3D7_0417900.1	0.0	0.0	0.0	0.0	0.0	0	[]	[]	3	[]	0.0	0.0	0.0
PF3D7_0418000.1	0.0	0.0	0.0	0.0	0.0	0	[]	[]	4	[]	0.0	0.0	0.0
PF3D7_0418100.1	1.8611788490798056	0.07261359921542988	0.13514689501531607	0.30572859712084	0.9628459270029932	810152	[np.float64(0.9507613254387411), np.float64(0.9891384293257282), np.float64(0.5458161973623928), np.float64(0.9831115904613876)]	[np.float64(61.19634473046801), np.float64(11.91805126341539), np.float64(1.435605015328615), np.float64(21.874093986394595)]	54	[810235, 810263]	0.6852791878172588	0.23199999999999998	0.33854814814814815
PF3D7_0418200.1	1.587940480484437	0.16243425139139145	0.257935923201576	3.4421702625564385e-17	0.8115230087620369	818944	[np.float64(0.8160937909864525), np.float64(0.8010249295010556), np.float64(0.8848683772055315), np.float64(0.869991612923422)]	[np.float64(0.09377490663081214), np.float64(0.08757493803354467), np.float64(0.12233507949505518), np.float64(0.10147739819012638)]	1004	[818880, 818891]	0.8046610169491526	0.4911225658648338	0.6103471592633005
PF3D7_0418300.1	2.2594836437605044	0.08501692344749287	0.19209434797244906	1.9949404985213826e-12	0.25051815860736226	819041	[np.float64(0.9342186024985748), np.float64(0.9289013941674109), np.float64(0.98031022844807), np.float64(0.9883602175407079)]	[np.float64(38.61014488436564), np.float64(41.48194906816198), np.float64(133.4983325076049), np.float64(91.5956810224764)]	316	[819103, 819111, 819112]	0.761935905820798	0.4582743988684583	0.6014605629784314
PF3D7_0418400.1	2.0462873764707865	0.3712196737311768	0.7596221322537112	2.3475510332855697e-09	0.5315441141845825	830911	[np.float64(0.9294919851019274), np.float64(0.8342829656881291), np.float64(0.89100150218683), np.float64(0.8333041852318792)]	[np.float64(0.36337481114462766), np.float64(0.1813073768955272), np.float64(0.27434488150944397), np.float64(0.14290258280692247)]	64	[830834, 830843, 830862]	0.6864864864864866	0.37209302325581395	0.5420252700970517
PF3D7_0418500.1	2.7934525741500136	0.15510385749938116	0.4332752699922432	7.779643048954923e-39	0.24468763654245515	830693	[np.float64(0.9259342925691445), np.float64(0.8838124510583087), np.float64(0.9730674917975354), np.float64(0.974400834335381)]	[np.float64(4.345101082802512), np.float64(6.174982483020522), np.float64(4.880611228877066), np.float64(7.4562335123128385)]	297	[830724, 830825]	0.8893528183716075	0.4693446088794926	0.5277372480123872
PF3D7_0418600.1	0.0	0.0	0.0	0.0	0.0	0	[]	[]	0	[]	0.0	0.0	0.0
PF3D7_0418700.1	1.104126144857796	0.5006127450980392	0.5527396203117765	0.0002161596345663626	1.1331426029238575e-05	843219	[np.float64(0.9289619318032615), np.float64(0.9571703624916166), np.float64(0.7017584160787672), np.float64(0.707989350656307)]	[np.float64(0.4551767448184836), np.float64(0.8075977101561772), np.float64(0.1431310913537093), np.float64(0.08396738542905641)]	146	[843143, 843152]	0.8193384223918575	0.46238532110091746	0.5643398484244116
PF3D7_0418800.1	0.0	0.0	0.0	0.0	0.0	0	[]	[]	3	[843143, 843152]	0.0	0.0	0.0
PF3D7_0418900.1	1.179132966047267	0.3485701899403747	0.41101060194005323	0.14166874564157683	0.04511481426481411	849497	[np.float64(0.9668451782835207), np.float64(0.9548112473542071), np.float64(0.9766195253043453), np.float64(0.96208034458211)]	[np.float64(0.37392572397616997), np.float64(0.5174439882131646), np.float64(0.5932162358437291), np.float64(0.8894057255296997)]	84	[849305, 849383]	0.6063348416289593	0.24291497975708504	0.40062843676355064
PF3D7_0419000.1	0.0	0.0	0.0	0.0	0.0	0	[]	[]	0	[849305, 849383, 852482, 852491]	0.0	0.0	0.0
PF3D7_0419100.1	0.0	0.0	0.0	0.0	0.0	0	[]	[]	17	[852482, 852491]	0.0	0.0	0.0
PF3D7_0419200.1	3.0708153177480586	0.04318002434012681	0.13259788016439542	4.6680602721011135e-05	0.4443896448634175	855674	[np.float64(0.9813010007429204), np.float64(0.5834325116435353), np.float64(0.9760004572065296), np.float64(0.9971981764604056)]	[np.float64(0.03897662709192582), np.float64(0.08737043527074309), np.float64(0.026638774063717997), np.float64(0.027432655864349405)]	111	[855586, 855609]	0.9887278582930756	0.7540983606557377	0.7626955732365034
PF3D7_0419300.1	1.5160857908847183	0.15024069162000198	0.22777777777777777	0.004570534845408353	0.004703315726091284	854076	[np.float64(0.9547436297414144), np.float64(0.9363730980733549), np.float64(0.9595226022400428), np.float64(0.976441871559518)]	[np.float64(27.03062703034491), np.float64(12.929428141352458), np.float64(3.7856881804295814), np.float64(4.808350554745332)]	43	[854513]	0.4814814814814815	0.15625	0.3245192307692307
PF3D7_0419400.1	0.0	0.0	0.0	0.0	0.0	0	[]	[]	3	[]	0.0	0.0	0.0
PF3D7_0419500.1	6.326530612244897	0.05384615384615385	0.34065934065934067	2.9488691924792926e-09	0.07645197720092359	866184	[inf, inf, np.float64(0.5837208272884551), np.float64(0.9586454790695479)]	[np.float64(0.40972229035138924), inf, np.float64(2.3789007871480234), np.float64(9.756284490435487)]	43	[866236, 866257, 866274]	0.7658536585365854	0.32919254658385094	0.4298374015903786
PF3D7_0419600.1	2.2464421816995266	0.11971800396681191	0.2689395740199175	2.025798357194043e-40	0.39468458706827203	872240	[np.float64(0.8500325794644572), np.float64(0.9251240848930684), np.float64(0.938947131294955), np.float64(0.9336407833300118)]	[np.float64(0.07562958153393518), np.float64(0.08358984667795936), np.float64(0.13500495553645814), np.float64(0.1348973772798008)]	928	[872175]	0.9422614274258219	0.6952580195258019	0.737861064126532
PF3D7_0419700.1	0.0	0.0	0.0	0.0	0.0	0	[]	[]	13	[872175, 872720]	0.0	0.0	0.0
PF3D7_0419800.1	4.779165937155085	0.09404270740410348	0.4494457038635336	1.21736563196042e-13	0.014829104554438583	874451	[np.float64(0.8368772591387473), np.float64(0.8164079270870994), np.float64(0.9477911627644703), np.float64(0.9801145965157883)]	[np.float64(7.462371794515172), np.float64(24.569124106810207), np.float64(5.419329360280384), np.float64(3.7153584533415955)]	64	[874574, 874581]	0.7333333333333334	0.44270833333333337	0.6036931818181818
PF3D7_0419900.1	0.9318649725756885	0.3136211614472484	0.29225257501119567	0.551647520148661	0.1950420249330032	894166	[np.float64(0.843155259384499), np.float64(0.9399997197822584), np.float64(0.8831271495199784), np.float64(0.8693211070490415)]	[np.float64(0.21676100056955347), np.float64(0.34010625650339765), np.float64(0.18407022789554153), np.float64(0.1702587017763712)]	64	[894089]	0.5789473684210527	0.1388888888888889	0.2398989898989899
PF3D7_0420000.1	2.0221470437464264	0.17130392156862745	0.34640171858216967	0.0006772619444750654	0.00799460643050831	893964	[np.float64(0.9836478025696308), np.float64(0.9369649460647692), np.float64(0.9903117299101281), np.float64(0.9372316134393772)]	[np.float64(3.510768795766141), np.float64(2.387901477035365), np.float64(1.8270051334387665), np.float64(27.909819108615405)]	33	[894051]	0.5471698113207548	0.23333333333333334	0.42643678160919535
PF3D7_0420100.1	0.8275748426984347	0.3689778497715815	0.30535678598392324	0.3241491657545658	0.4955461952486486	909208	[np.float64(0.7283394996354319), np.float64(0.8114248754413321), np.float64(0.8174327322365222), np.float64(0.8865342266835632)]	[np.float64(0.18609756949662967), np.float64(0.3901455505637613), np.float64(0.23968187665011312), np.float64(0.21243493242638034)]	85	[909049, 909136]	0.7990867579908675	0.4818181818181818	0.602961038961039
PF3D7_0420200.1	0.0	0.0	0.0	0.0	0.0	0	[]	[]	12	[909049, 909136, 912485, 912489, 912540]	0.0	0.0	0.0
PF3D7_0420300.1	0.9978457479318703	0.4993634259259259	0.49828767123287665	0.025180789043640246	0.003372421458192089	929063	[np.float64(0.9017656713894785), np.float64(0.9290159909855441), np.float64(0.9230657687344038), np.float64(0.7809877899703666)]	[np.float64(0.49728856498607577), np.float64(0.7123689910341552), np.float64(0.1679606593657952), np.float64(0.18393656818043347)]	42	[928990, 929025]	0.7785977859778598	0.4974619289340102	0.6389202973512643
PF3D7_0420400.1	0.8772020923468299	0.4193853966856388	0.3678857474723476	0.5602234991902153	0.7626814504287405	930496	[np.float64(0.9265918115394287), np.float64(0.787004894209169), np.float64(0.7231848498234825), np.float64(0.8496565509559502)]	[np.float64(0.4044357758853618), np.float64(0.1439314346272605), np.float64(0.10465649436608397), np.float64(0.045316443392334566)]	179	[928990, 929025, 930366, 930406, 930431]	0.6472424557752342	0.34008683068017365	0.525439621034802
PF3D7_0420500.1	0.0	0.0	0.0	0.0	0.0	0	[]	[]	2	[]	0.0	0.0	0.0
PF3D7_0420600.1	2.2660167935741686	0.08469616112928216	0.19192292347021708	0.0005957197257893557	0.17948987874132238	934507	[np.float64(0.976605864508796), np.float64(0.8861395065775719), np.float64(0.9825255517946474), np.float64(0.98073088754741)]	[np.float64(0.044395773943936775), np.float64(0.5607047514852628), np.float64(0.038411469887331365), np.float64(0.0798646238902588)]	68	[934428, 934452]	0.8267716535433072	0.5485714285714286	0.6635102040816326
PF3D7_0420700.1	0.0	0.0	0.0	0.0	0.0	0	[]	[]	0	[]	0.0	0.0	0.0
PF3D7_0420900.1	0.0	0.0	0.0	0.0	0.0	0	[]	[]	0	[]	0.0	0.0	0.0
PF3D7_0421100.1	0.0	0.0	0.0	0.0	0.0	0	[]	[]	0	[]	0.0	0.0	0.0
PF3D7_0421200.1	0.0	0.0	0.0	0.0	0.0	0	[]	[]	0	[]	0.0	0.0	0.0
PF3D7_0421300.1	0.0	0.0	0.0	0.0	0.0	0	[]	[]	0	[]	0.0	0.0	0.0
PF3D7_0421700.1	0.0	0.0	0.0	0.0	0.0	0	[]	[]	0	[]	0.0	0.0	0.0
PF3D7_0421800.1	0.0	0.0	0.0	0.0	0.0	0	[]	[]	0	[]	0.0	0.0	0.0
PF3D7_0421900.1	0.0	0.0	0.0	0.0	0.0	0	[]	[]	0	[]	0.0	0.0	0.0
PF3D7_0422000.1	0.5724741255235349	0.6329133820186681	0.36232653490328004	1.4950980592258874e-17	0.0005611364066363693	1000858	[np.float64(0.9167058688531547), np.float64(0.809228984676141), np.float64(0.9133013577459174), np.float64(0.878321252381847)]	[np.float64(0.5102411417368918), np.float64(0.2311103769146791), np.float64(0.2982282069849665), np.float64(0.24767127715358922)]	159	[1000786, 1000815, 1000865]	0.8756613756613756	0.4630225080385852	0.5287689064609825
PF3D7_0422100.1	2.891314550303423	0.12501182033096925	0.3614484950828487	5.111982607597035e-13	0.0014812093330837104	1003187	[np.float64(0.9457457140836378), np.float64(0.7110132836661227), np.float64(0.9621083777118716), np.float64(0.9819409437307849)]	[np.float64(0.02472513577647), np.float64(0.2750990352029114), np.float64(0.1271972914371056), np.float64(0.06905458576105626)]	121	[1000786, 1000815, 1000865, 1003004, 1003130, 1002996]	0.7785923753665689	0.3669141039236479	0.47125314289251957
PF3D7_0422200.1	1.957933623309301	0.03928788800973829	0.07692307692307693	0.806951828721673	0.9657504331468791	1003326	[np.float64(0.9500416194479061), np.float64(0.9244236589858894), np.float64(0.95017032452214), np.float64(0.9453262396842266)]	[np.float64(8.43094870192551), np.float64(6.322411669930306), np.float64(10.336734896540529), np.float64(33.64686926772789)]	27	[]	0.0	0.0	0.0
PF3D7_0422300.1	1.6218156458363864	0.7576311605723369	1.2287380699893955	0.0		1025157	[np.float64(0.9468158959497235), np.float64(0.9480149053026042), np.float64(0.7727375704832915), np.float64(0.6794271043861476)]	[np.float64(0.38147596670419587), np.float64(0.7655920924678238), np.float64(0.23891474183834693), np.float64(0.16834863723387491)]	102	[1025055, 1025108, 1025113, 1025140]	0.6726342710997443	0.3576158940397351	0.5316646941807468
PF3D7_0422400.1	1.8189975269479683	0.029424225964149918	0.0535225942611469	4.035249718208954e-09	0.3951651572992913	1027868	[np.float64(0.9049516358095538), np.float64(0.9272093762109342), np.float64(0.9165043556501099), np.float64(0.8794483146328151)]	[np.float64(0.050540928347417254), np.float64(0.04409295363476752), np.float64(0.1725868414867522), np.float64(0.09123553784312691)]	1692	[1025055, 1025108, 1025113, 1027802, 1027808, 1025140]	0.8322827555155335	0.49602239245727753	0.5959782167420142
PF3D7_0422500.1	1.2878551656848207	0.27541087129999986	0.3546893132894622	0.055858875112820644	0.2862955861185674	1038326	[np.float64(0.8284665788622978), np.float64(0.7969671338119938), np.float64(0.8161237294234251), np.float64(0.8360974856342929)]	[np.float64(0.16411146618770842), np.float64(0.14611291628180445), np.float64(0.12519762250356237), np.float64(0.16986563967993226)]	133	[1038254]	0.94	0.8294573643410852	0.8824014514266865
PF3D7_0422600.1	2.5743368600511456	0.14411764705882352	0.37100737100737097	0.00020512530289996028	0.5161107698792758	1038218	[np.float64(0.8828352604746136), np.float64(0.8822369005313334), np.float64(0.8584522189534216), np.float64(0.9182600770250882)]	[np.float64(89.61905865054503), np.float64(17.525356007812192), np.float64(4.313850325153073), np.float64(9.765869473503042)]	44	[1038337]	0.9000000000000001	0.5606060606060606	0.6228956228956227
PF3D7_0422700.1	0.7006263789345376	0.3981568560255113	0.278959196285114	3.6033259332713693e-06	0.11689691826828467	1042205	[np.float64(0.7269319314749978), np.float64(0.6910343863599808), np.float64(0.7054626207067503), np.float64(0.7729474709859884)]	[np.float64(0.2329692093811938), np.float64(0.18869598533289975), np.float64(0.16761827432386908), np.float64(0.24665292202771064)]	287	[1041932, 1042037, 1042042, 1042147]	0.7740345110928513	0.35693430656934305	0.4611348737737691
PF3D7_0422800.1	0.0	0.0	0.0	0.0	0.0	0	[]	[]	3	[1042147, 1045326]	0.0	0.0	0.0
PF3D7_0422900.1	1.7370361991101217	0.5762181897050318	1.0009118541033435	7.717715344970376e-09	2.733175926682362e-11	1047241	[np.float64(0.9094642854695145), np.float64(0.9441263458006766), np.float64(0.9520723002272947), inf]	[np.float64(0.24580618912250007), np.float64(0.36610235103661914), np.float64(0.611010905569758), np.float64(1.0366833856633744)]	37	[1045326, 1046894, 1047000, 1047201, 1047208]	0.6776859504132231	0.39473684210526316	0.5824775353016688
PF3D7_0423000.1	0.0	0.0	0.0	0.0	0.0	0	[]	[]	37	[1047000, 1047201, 1047208, 1048780, 1048783, 1048809, 1048857]	0.0	0.0	0.0
PF3D7_0423100.1	2.202454546137989	0.7962852018337699	1.7537819628011926			1048579	[inf, inf, np.float64(0.9742921573446397), np.float64(0.9510215842896167)]	[np.float64(0.34832379729233526), np.float64(0.31983676191800137), np.float64(5.342615437275186), np.float64(1.74807571132431)]	153	[1048789]	0.46728971962616817	0.10299003322259137	0.22039867109634556
PF3D7_0423200.1	2.117413017138425	0.04698007806816097	0.09947622884770346	0.01229407018647183	0.8810080349541752	1051320	[np.float64(0.9247287999379197), np.float64(0.9782978699506311), np.float64(0.8947049290165432), np.float64(0.8812499503814313)]	[np.float64(0.197662797373164), np.float64(0.44012171078625373), np.float64(0.33253110224832033), np.float64(0.16880367466058033)]	169	[1051121, 1051242, 1051253]	0.7303703703703703	0.4136191677175284	0.5663142762866769
PF3D7_0423300.1	0.0	0.0	0.0	0.0	0.0	0	[]	[]	1	[]	0.0	0.0	0.0
PF3D7_0423400.1	0.0	0.0	0.0	0.0	0.0	0	[]	[]	9	[]	0.0	0.0	0.0
PF3D7_0423500.1	2.8801191874578236	0.5187498645464707	1.494061438371437			1061216	[np.float64(0.9196335846996659), np.float64(0.8612363611735012), np.float64(0.8014721584793958), np.float64(0.8816771320193028)]	[np.float64(0.5637445117547207), np.float64(0.20226846442960753), np.float64(0.29204792514439243), np.float64(0.13601968054100125)]	118	[1060941, 1061155, 1061302]	0.6402877697841727	0.3172690763052209	0.49551013040927755
PF3D7_0423600.1	0.0	0.0	0.0	0.0	0.0	0	[]	[]	33	[1061547, 1061596]	0.0	0.0	0.0
PF3D7_0423700.1	10.623053717729482	0.000997009237268646	0.010591282684577324	5.102428229550961e-10	0.7193967981504377	1069921	[np.float64(0.9262736058706726), np.float64(0.9436341343117215), np.float64(0.932154289414534), np.float64(0.9332919599666163)]	[np.float64(8.23022362851079), np.float64(34.571937813618945), np.float64(51.629855698753225), np.float64(9.765951730593219)]	1278	[1070002, 1070009, 1070021]	0.7066737475659409	0.3570328542094456	0.5052301085744384
PF3D7_0423800.1	1.430275694138027	0.35022321428571423	0.5009157509157509	0.10958687044451157	0.37373268646505353	1077776	[np.float64(0.8371304682594118), np.float64(0.671276637735323), np.float64(0.8635520846672695), np.float64(0.9040047892945003)]	[np.float64(0.17601319196294968), np.float64(0.2537804680883414), np.float64(0.15740521784352118), np.float64(0.26370115162977104)]	52	[1077698]	0.5714285714285715	0.14285714285714285	0.24999999999999994
PF3D7_0423900.1	0.0	0.0	0.0	0.0	0.0	0	[]	[]	4	[]	0.0	0.0	0.0
PF3D7_0424000.1	1.3594547952741876	0.3068531397661486	0.4171529723000312	0.0007508858990905834	0.42548489991979477	1082525	[np.float64(0.898163871284191), np.float64(0.9452119819499747), np.float64(0.9181955818542449), np.float64(0.9149000167078463)]	[np.float64(0.18588014017978843), np.float64(0.14496236589120204), np.float64(0.21939383466774548), np.float64(0.17554544857620136)]	225	[1082430, 1082508]	0.8604651162790697	0.5016339869281046	0.5829800388623918
PF3D7_0424100.1	0.0	0.0	0.0	0.0	0.0	0	[]	[]	1	[]	0.0	0.0	0.0
PF3D7_0424200.1	0.0	0.0	0.0	0.0	0.0	0	[]	[]	0	[]	0.0	0.0	0.0
PF3D7_0424400.1	0.0	0.0	0.0	0.0	0.0	0	[]	[]	0	[]	0.0	0.0	0.0
PF3D7_0424500.1	0.0	0.0	0.0	0.0	0.0	0	[]	[]	20	[]	0.0	0.0	0.0
PF3D7_0424600.1	2.064948376111413	0.03567182026900321	0.07366046733741635	1.4161980502747713e-05	0.7901790818621167	1112847	[np.float64(0.9758888843711853), np.float64(0.9983015183141436), np.float64(0.9781830636853687), np.float64(0.9368981752364222)]	[np.float64(9.087169343632661), np.float64(107.14313256196782), np.float64(24.49233274137724), np.float64(25.394318859845875)]	600	[1112935, 1112944, 1112960, 1112977]	0.6891252955082743	0.3695952161913523	0.5363251336155815
PF3D7_0424700.1	0.0	0.0	0.0	0.0	0.0	0	[]	[]	8	[]	0.0	0.0	0.0
PF3D7_0424800.1	0.0	0.0	0.0	0.0	0.0	0	[]	[]	2	[]	0.0	0.0	0.0
PF3D7_0424900.1	0.0	0.0	0.0	0.0	0.0	0	[]	[]	12	[]	0.0	0.0	0.0
PF3D7_0425100.1	0.0	0.0	0.0	0.0	0.0	0	[]	[]	0	[]	0.0	0.0	0.0
PF3D7_0425200.1	0.0	0.0	0.0	0.0	0.0	0	[]	[]	0	[]	0.0	0.0	0.0
PF3D7_0425400.1	0.0	0.0	0.0	0.0	0.0	0	[]	[]	0	[]	0.0	0.0	0.0
PF3D7_0425500.1	0.0	0.0	0.0	0.0	0.0	0	[]	[]	0	[]	0.0	0.0	0.0
PF3D7_0425700.1	0.0	0.0	0.0	0.0	0.0	0	[]	[]	0	[]	0.0	0.0	0.0
PF3D7_0425800.1	0.0	0.0	0.0	0.0	0.0	0	[]	[]	0	[]	0.0	0.0	0.0
PF3D7_0425900.1	0.0	0.0	0.0	0.0	0.0	0	[]	[]	0	[]	0.0	0.0	0.0
PF3D7_0426000.1	0.0	0.0	0.0	0.0	0.0	0	[]	[]	0	[]	0.0	0.0	0.0
